{
  "Arabica": [
    {
      "nama": "Kopi Arabika Sidikalang",
      "size": "1.000 Gram",
      "harga": "148.000",
      "foto": "https://rikikurnia.com/prakerja/api/img/1.jpg",
      "link": "https://www.tokopedia.com/sopic-store/kopi-arabika-sidikalang-1000-gr-biji"
    },
    {
      "nama": "Kopi Arabica Aceh Gayo Super",
      "size": "500 Gram",
      "harga": "58.000",
      "foto": "https://rikikurnia.com/prakerja/api/img/2.jpg",
      "link": "https://www.tokopedia.com/sopic-store/kopi-arabica-aceh-gayo-super-500-gr-bubuk-kasar"
    },
    {
      "nama": "Kopi Arabica Gayo Honey Process",
      "size": "1.000 Gram",
      "harga": "200.000",
      "foto": "https://rikikurnia.com/prakerja/api/img/3.jpg",
      "link": "https://www.tokopedia.com/sopic-store/kopi-arabica-gayo-honey-process-1-kg-bubuk-halus"
    },
    {
      "nama": "Kopi Arabica Gayo Premium Specialty",
      "size": "200 Gram",
      "harga": "49.000",
      "foto": "https://rikikurnia.com/prakerja/api/img/4.jpg",
      "link": "https://www.tokopedia.com/sopic-store/kopi-arabica-gayo-premium-specialty-200-gr-bubuk-biji-grosir-biji"
    },
    {
      "nama": "Kopi Luwak Liar Arabica Gayo",
      "size": "1.000 Gram",
      "harga": "280.000",
      "foto": "https://rikikurnia.com/prakerja/api/img/5.jpg",
      "link": "https://www.tokopedia.com/sopic-store/kopi-luwak-liar-arabica-gayo-1kg-biji-bubuk-bubuk-halus"
    },
    {
      "nama": "Kopi Arabica Gayo Peaberry",
      "size": "500 Gram",
      "harga": "105.000",
      "foto": "https://rikikurnia.com/prakerja/api/img/6.jpg",
      "link": "https://www.tokopedia.com/sopic-store/kopi-arabica-gayo-peaberry-jantan-500-gr-bubuk-biji-biji"
    },
    {
      "nama": "Kopi Arabica Gayo Wine",
      "size": "500 Gram",
      "harga": "118.000",
      "foto": "https://rikikurnia.com/prakerja/api/img/7.jpg",
      "link": "https://www.tokopedia.com/sopic-store/kopi-arabika-gayo-wine-500-gr-biji-bubuk-grosir-reseller-dropshiper-bubuk-halus"
    }
  ],
  "Robusta": [
    {
      "nama": "Kopi Aceh Robusta Gayo Natural Premium",
      "size": "250 Gram",
      "harga": "25.000",
      "foto": "https://rikikurnia.com/prakerja/api/img/8.jpg",
      "link": "https://www.tokopedia.com/sopic-store/kopi-aceh-robusta-gayo-natural-premium-250-gr-bubuk-kasar"
    },
    {
      "nama": "Kopi Robusta Natural Sidikalang Premium",
      "size": "500 Gram",
      "harga": "40.000",
      "foto": "https://rikikurnia.com/prakerja/api/img/9.jpg",
      "link": "https://www.tokopedia.com/sopic-store/kopi-robusta-natural-sidikalang-premium-500-gr-biji"
    },
    {
      "nama": "Kopi Robusta Semendo",
      "size": "1000 gr",
      "harga": "70.000",
      "link": "#",
      "foto": "https://encrypted-tbn0.gstatic.com/images?q=tbn:ANd9GcQ8JpQpSYfTCWdvqxEshQUViNNhudqwXMXQ7RtBLdHJKbpyjiyUnRf5RXpN&s=10"
    },
    {
      "nama": "Kopi Robusta Lampung",
      "size": "250 ml",
      "harga": "25.000",
      "link": "#",
      "foto": "https://encrypted-tbn0.gstatic.com/images?q=tbn:ANd9GcQMG08azAigD1enFGfuKiBDvK7Xey_XfS0nEYSJMymamwD8_GgdxoVHBXQ&s=10"
    }
  ],
  "Non Kopi": [
    {
      "nama": "Es Krim Mangkok",
      "size": "250 Gram",
      "harga": "25.000",
      "foto": "https://p0.pxfuel.com/preview/861/839/598/ice-ice-cream-ice-cream-sundae-sweet.jpg",
      "link": "https://www.tokopedia.com/jakartagrosirjaya/aice-vanilla-chocolate-sundae-ice-cream-eskrim-800-ml"
    },
    {
      "nama": "Es cendol",
      "size": "100 ml",
      "harga": "15.000",
      "link": "#",
      "foto": "https://encrypted-tbn0.gstatic.com/images?q=tbn:ANd9GcT7y--3YCZ23E-GG7Lf9N_LiA8PSzwYMF75aZAGJjXyojK30E5Ssiffu5Z1&s=10"
    },
    {
      "nama": "Es Kelapa Muda",
      "size": "100 ml",
      "harga": "15.000",
      "link": "#",
      "foto": "https://encrypted-tbn0.gstatic.com/images?q=tbn:ANd9GcQElR5-PT7TfQ2VOha0tr0B5Zq7niaCDo9op5CJS6j67eHzP0Ln61Qs4oiB&s=10"
    },
    {
      "nama": "Es Soda Gembira",
      "size": "250 ml",
      "harga": "20.000",
      "link": "#",
      "foto": "https://encrypted-tbn0.gstatic.com/images?q=tbn:ANd9GcSD2iKz9b3sEn-sw_m9OwL_8FvvXKLI9oY9yyJFLWhCfVBOM_loX3uxlO77&s=10"
    }
  ],
  "Outwear": [
    {
      "nama": "Jaket stone island",
      "size": "L",
      "harga": "2700",
      "link": "#",
      "foto": "https://encrypted-tbn0.gstatic.com/images?q=tbn:ANd9GcRAvlow6p7nLzuE6KRZVN7qRR1AixnZDQFxfA&usqp=CAU"
    },
    {
      "nama": "JAKET CP COMPANY",
      "size": "XL",
      "harga": "4500",
      "link": "#",
      "foto": "https://encrypted-tbn0.gstatic.com/images?q=tbn:ANd9GcQ4HUdz62VemZYANDQi6PpXhTCn_4EVci8wztxz7hPDb-hwgQTv4yl4xfyA&s=10"
    },
    {
      "nama": "Jaket marshall artist",
      "size": "L",
      "harga": "5000",
      "link": "#",
      "foto": "https://encrypted-tbn0.gstatic.com/images?q=tbn:ANd9GcTU44w10P2lLuuo2RXwJaYcAByRcVFA-FPei6fm8hJ1UInAzCfDj3aG2Qzl&s=10"
    }
  ]
}